Content:Article,,,,
author,title,thumbnail,summary,body
alice,"Зелёный чай, процесс производства и особенности заварки",green_tea_article.jpg,"Lorem ipsum dolor sit amet, consectetur adipiscing elit. Sed est libero, dapibus quis varius non, iaculis nec quam. Vestibulum ullamcorper augue velit. Vestibulum interdum justo quis interdum hendrerit. In consequat eu mauris vel blandit. Sed imperdiet consequat facilisis. Integer massa magna, ultricies nec condimentum vel, convallis quis ipsum. Mauris tristique, lacus blandit laoreet tristique, tellus urna placerat nulla, quis vestibulum erat velit vel sem. ","Commodo amet proident Lorem sint qui est ad quis. Ut non pariatur culpa sint. Consequat aliqua non tempor eiusmod qui nostrud.

![китайские плантации](article_embed_1.jpg)

Non excepteur eu cupidatat Lorem incididunt sunt ut. Nulla enim culpa elit duis sint enim tempor aliquip dolor est. Veniam ullamco excepteur est reprehenderit id nisi officia adipisicing laborum in proident adipisicing. Ad id ullamco ex sunt reprehenderit nisi voluptate nostrud culpa aliquip occaecat aute eu exercitation. Reprehenderit tempor fugiat nostrud consequat nisi cupidatat cillum. Esse commodo in non laboris in laboris adipisicing incididunt non ipsum.

Ea elit est fugiat ea eu nostrud eu cupidatat adipisicing. Cupidatat labore reprehenderit officia pariatur. Consectetur excepteur laboris elit ex duis occaecat ea ipsum velit aliquip occaecat dolore. Ut adipisicing non ad occaecat duis dolor fugiat magna exercitation duis nostrud. Sint dolor enim ut esse nisi excepteur aliquip labore ipsum magna magna in anim quis. Adipisicing nulla dolore ut anim ut cillum. Laboris exercitation Lorem voluptate dolor laboris do fugiat esse."
bob,"Красный чай, процесс производства и особенности заварки",black_tea_article.jpg,"Vivamus eu nisi mi. Etiam at massa a mi varius vestibulum. Vestibulum vel pretium magna. Duis lacinia urna id varius tempus. Nulla pellentesque neque sed dolor consequat ornare. Mauris sed urna tortor. Nunc gravida, magna vel convallis placerat, dui eros mollis eros, id volutpat massa nunc vel leo. Mauris sit amet quam eu elit maximus accumsan sed id lacus. Nullam sit amet suscipit odio. Nulla a auctor nunc. In varius, sem et ornare laoreet, dui erat porttitor tellus, nec semper felis dui commodo justo. ","Id ea adipisicing cillum quis laborum ipsum aliqua. Sunt eiusmod officia nostrud et eiusmod aliquip non. Aliqua ut ea enim eiusmod. Lorem fugiat magna cupidatat duis laborum eu ut laborum fugiat exercitation sunt velit. Laborum mollit incididunt tempor sunt culpa magna.

![китайские плантации](article_embed_2.jpg)

Laboris sit nostrud sit deserunt reprehenderit cillum ut ipsum. Duis nisi mollit non sit tempor deserunt proident ad veniam in. Cillum occaecat irure exercitation deserunt irure aliquip ipsum commodo. Sint aliqua sunt deserunt officia commodo consectetur amet ea laboris ex aliqua aute.

Laborum velit culpa amet sunt ullamco proident nostrud qui sint aute enim deserunt aliqua enim. Quis aute irure amet nulla id qui anim laborum non et tempor. Labore pariatur nulla ea fugiat voluptate."
peter,"Пуэр, процесс производства и особенности заварки",puer_tea_article.jpg,"Integer eget consequat nisl, ut sodales nibh. Fusce efficitur vestibulum lobortis. Quisque ullamcorper elementum orci, nec consectetur orci varius id. Maecenas et est blandit, consectetur orci quis, rhoncus turpis. Nunc varius mollis odio ut varius. Proin sit amet ante euismod, semper ex sed, malesuada nulla. Donec molestie est nec suscipit iaculis. Proin quis nulla neque. ","Consequat esse dolore reprehenderit amet duis ipsum ipsum. Id sint qui nisi duis sunt sit reprehenderit pariatur excepteur anim fugiat. Ut ut aute irure ipsum nulla.

![китайские плантации](article_embed_3.jpg)

Anim ex id culpa non ad cillum. Qui officia excepteur excepteur aliquip anim culpa ex ex dolore elit velit reprehenderit. Anim magna amet deserunt dolor aute excepteur. Sunt fugiat deserunt est occaecat et. Veniam fugiat pariatur in id id duis non aliquip anim sunt quis cillum enim.

Do et ut reprehenderit commodo adipisicing minim. Et nostrud pariatur aliqua veniam laborum consectetur proident velit dolore sunt exercitation tempor. Deserunt amet pariatur ad excepteur adipisicing amet culpa culpa nostrud. Labore ipsum officia id consequat nulla non excepteur eiusmod proident id. Proident irure quis enim pariatur Lorem aliquip."
